{
  "patterns": {
    "bilibili_video": "^(https?://)?(www\\.bilibili\\.com/video/\\w+/?)(?:[?&].*)?$",
    "bilibili_space_season": "^(https?://)?(space\\.bilibili\\.com/\\d+/lists/\\d+\\?type=season)(?:[?&].*)?$",
    "bilibili_space_series": "^(https?://)?(space\\.bilibili\\.com/\\d+/lists/\\d+\\?type=series)(?:[?&].*)?$",
    "youtube_video": "^(https?://)?(www\\.youtube\\.com/watch\\?v=[\\w-]+)(?:[?&].*)?$",
    "youtube_playlist": "^(https?://)?(www\\.youtube\\.com/playlist\\?list=[\\w-]+)(?:[?&].*)?$",
    "youtube_channel": "^(https?://)?(www\\.youtube\\.com/channel/\\w+)(?:[?&].*)?$",
    "youtube_short_video": "^(https?://)?(youtu\\.be/[\\w-]+)(?:[?&].*)?$"
  }
}
